4854_0002_Empty_2_S6_L001_R1_001.fastq.gz,0,0.0000
4854_0002_Empty_2_S6_L001_R2_001.fastq.gz,0,0.0000
4854_0003_Empty_3_S7_L001_R1_001.fastq.gz,0,0.0000
4854_0003_Empty_3_S7_L001_R2_001.fastq.gz,0,0.0000
4854_0004_Empty_4_S8_L001_R1_001.fastq.gz,0,0.0000
4854_0004_Empty_4_S8_L001_R2_001.fastq.gz,0,0.0000
4854_0005_Empty_5_S9_L001_R1_001.fastq.gz,0,0.0000
4854_0005_Empty_5_S9_L001_R2_001.fastq.gz,0,0.0000
4854_0006_Empty_6_S10_L001_R1_001.fastq.gz,0,0.0000
4854_0006_Empty_6_S10_L001_R2_001.fastq.gz,0,0.0000
4854_0007_Empty_7_S11_L001_R1_001.fastq.gz,0,0.0000
4854_0007_Empty_7_S11_L001_R2_001.fastq.gz,0,0.0000
4854_0008_Empty_8_S12_L001_R1_001.fastq.gz,0,0.0000
4854_0008_Empty_8_S12_L001_R2_001.fastq.gz,0,0.0000
4854_0009_Empty_9_S13_L001_R1_001.fastq.gz,0,0.0000
4854_0009_Empty_9_S13_L001_R2_001.fastq.gz,0,0.0000
4854_0010_Empty_10_S14_L001_R1_001.fastq.gz,0,0.0000
4854_0010_Empty_10_S14_L001_R2_001.fastq.gz,0,0.0000
4854_0011_Empty_11_S15_L001_R1_001.fastq.gz,0,0.0000
4854_0011_Empty_11_S15_L001_R2_001.fastq.gz,0,0.0000
4854_0012_Empty_12_S16_L001_R1_001.fastq.gz,0,0.0000
4854_0012_Empty_12_S16_L001_R2_001.fastq.gz,0,0.0000
4854_0013_Empty_13_S17_L001_R1_001.fastq.gz,0,0.0000
4854_0013_Empty_13_S17_L001_R2_001.fastq.gz,0,0.0000
4854_0014_Empty_14_S18_L001_R1_001.fastq.gz,0,0.0000
4854_0014_Empty_14_S18_L001_R2_001.fastq.gz,0,0.0000
4854_0015_Empty_15_S19_L001_R1_001.fastq.gz,1,-0.2857
4854_0015_Empty_15_S19_L001_R2_001.fastq.gz,1,1.3077
4854_0016_Empty_16_S20_L001_R1_001.fastq.gz,0,0.0000
4854_0016_Empty_16_S20_L001_R2_001.fastq.gz,0,0.0000
4854_0017_Empty_17_S21_L001_R1_001.fastq.gz,1,0.0833
4854_0017_Empty_17_S21_L001_R2_001.fastq.gz,1,1.4706
4854_0018_Empty_18_S22_L001_R1_001.fastq.gz,0,0.0000
4854_0018_Empty_18_S22_L001_R2_001.fastq.gz,0,0.0000
4854_0019_Empty_19_S23_L001_R1_001.fastq.gz,0,0.0000
4854_0019_Empty_19_S23_L001_R2_001.fastq.gz,0,0.0000
4854_0020_Empty_20_S24_L001_R1_001.fastq.gz,0,0.0000
4854_0020_Empty_20_S24_L001_R2_001.fastq.gz,0,0.0000
4854_0021_Empty_21_S25_L001_R1_001.fastq.gz,1,0.0000
4854_0021_Empty_21_S25_L001_R2_001.fastq.gz,1,0.4286
4854_0022_Empty_22_S26_L001_R1_001.fastq.gz,0,0.0000
4854_0022_Empty_22_S26_L001_R2_001.fastq.gz,0,0.0000
4854_0023_Empty_23_S27_L001_R1_001.fastq.gz,1,0.0000
4854_0023_Empty_23_S27_L001_R2_001.fastq.gz,1,0.0000
4854_0024_Empty_24_S28_L001_R1_001.fastq.gz,2,-0.1111
4854_0024_Empty_24_S28_L001_R2_001.fastq.gz,2,0.1429
4854_0025_Empty_25_S29_L001_R1_001.fastq.gz,0,0.0000
4854_0025_Empty_25_S29_L001_R2_001.fastq.gz,0,0.0000
4854_0026_Empty_26_S30_L001_R1_001.fastq.gz,0,0.0000
4854_0026_Empty_26_S30_L001_R2_001.fastq.gz,0,0.0000
4854_0027_Empty_27_S31_L001_R1_001.fastq.gz,0,0.0000
4854_0027_Empty_27_S31_L001_R2_001.fastq.gz,0,0.0000
4854_0028_Empty_28_S32_L001_R1_001.fastq.gz,0,0.0000
4854_0028_Empty_28_S32_L001_R2_001.fastq.gz,0,0.0000
4854_0029_Empty_29_S33_L001_R1_001.fastq.gz,0,0.0000
4854_0029_Empty_29_S33_L001_R2_001.fastq.gz,0,0.0000
4854_0030_Empty_30_S34_L001_R1_001.fastq.gz,1,0.0000
4854_0030_Empty_30_S34_L001_R2_001.fastq.gz,1,0.0000
4854_0031_Empty_31_S35_L001_R1_001.fastq.gz,1,0.0000
4854_0031_Empty_31_S35_L001_R2_001.fastq.gz,1,-0.0476
4854_0032_Empty_32_S36_L001_R1_001.fastq.gz,1,-0.2308
4854_0032_Empty_32_S36_L001_R2_001.fastq.gz,1,2.1600
4854_0033_Empty_33_S37_L001_R1_001.fastq.gz,1,0.0000
4854_0033_Empty_33_S37_L001_R2_001.fastq.gz,1,1.0000
4854_0034_Empty_34_S38_L001_R1_001.fastq.gz,1,0.0000
4854_0034_Empty_34_S38_L001_R2_001.fastq.gz,1,0.0000
4854_0035_Empty_35_S39_L001_R1_001.fastq.gz,0,0.0000
4854_0035_Empty_35_S39_L001_R2_001.fastq.gz,0,0.0000
4854_0036_Empty_36_S40_L001_R1_001.fastq.gz,0,0.0000
4854_0036_Empty_36_S40_L001_R2_001.fastq.gz,0,0.0000
4854_0037_Empty_37_S41_L001_R1_001.fastq.gz,0,0.0000
4854_0037_Empty_37_S41_L001_R2_001.fastq.gz,0,0.0000
4854_0038_Empty_38_S42_L001_R1_001.fastq.gz,0,0.0000
4854_0038_Empty_38_S42_L001_R2_001.fastq.gz,0,0.0000
4854_0039_Empty_39_S43_L001_R1_001.fastq.gz,1,-1.8333
4854_0039_Empty_39_S43_L001_R2_001.fastq.gz,1,-0.3333
4854_0040_Empty_40_S44_L001_R1_001.fastq.gz,4,0.1146
4854_0040_Empty_40_S44_L001_R2_001.fastq.gz,4,-0.7283
4854_0041_Empty_41_S45_L001_R1_001.fastq.gz,0,0.0000
4854_0041_Empty_41_S45_L001_R2_001.fastq.gz,0,0.0000
4854_0042_Empty_42_S46_L001_R1_001.fastq.gz,1,0.0556
4854_0042_Empty_42_S46_L001_R2_001.fastq.gz,1,0.7619
4854_0043_Empty_43_S47_L001_R1_001.fastq.gz,0,0.0000
4854_0043_Empty_43_S47_L001_R2_001.fastq.gz,0,0.0000
4854_0044_Empty_44_S48_L001_R1_001.fastq.gz,0,0.0000
4854_0044_Empty_44_S48_L001_R2_001.fastq.gz,0,0.0000
4854_0045_Empty_45_S49_L001_R1_001.fastq.gz,0,0.0000
4854_0045_Empty_45_S49_L001_R2_001.fastq.gz,0,0.0000
4854_0046_Empty_46_S50_L001_R1_001.fastq.gz,0,0.0000
4854_0046_Empty_46_S50_L001_R2_001.fastq.gz,0,0.0000
4854_0047_Empty_47_S51_L001_R1_001.fastq.gz,0,0.0000
4854_0047_Empty_47_S51_L001_R2_001.fastq.gz,0,0.0000
4854_0048_Empty_48_S52_L001_R1_001.fastq.gz,0,0.0000
4854_0048_Empty_48_S52_L001_R2_001.fastq.gz,0,0.0000
4854_0049_Empty_49_S53_L001_R1_001.fastq.gz,5,0.2000
4854_0049_Empty_49_S53_L001_R2_001.fastq.gz,5,-0.0556
4854_0050_Empty_50_S54_L001_R1_001.fastq.gz,11,-0.7936
4854_0050_Empty_50_S54_L001_R2_001.fastq.gz,11,0.1486
4854_0051_Empty_51_S55_L001_R1_001.fastq.gz,5,-0.1333
4854_0051_Empty_51_S55_L001_R2_001.fastq.gz,5,-0.5667
4854_0052_Empty_52_S56_L001_R1_001.fastq.gz,0,0.0000
4854_0052_Empty_52_S56_L001_R2_001.fastq.gz,0,0.0000
4854_0053_Empty_53_S57_L001_R1_001.fastq.gz,0,0.0000
4854_0053_Empty_53_S57_L001_R2_001.fastq.gz,0,0.0000
4854_0054_Empty_54_S58_L001_R1_001.fastq.gz,4,-0.3750
4854_0054_Empty_54_S58_L001_R2_001.fastq.gz,4,0.0417
4854_0055_Empty_55_S59_L001_R1_001.fastq.gz,13,-0.4831
4854_0055_Empty_55_S59_L001_R2_001.fastq.gz,13,-0.0801
4854_0056_Empty_56_S60_L001_R1_001.fastq.gz,9,-0.6296
4854_0056_Empty_56_S60_L001_R2_001.fastq.gz,9,-0.5802
4854_0057_Empty_57_S61_L001_R1_001.fastq.gz,0,0.0000
4854_0057_Empty_57_S61_L001_R2_001.fastq.gz,0,0.0000
4854_0058_Empty_58_S62_L001_R1_001.fastq.gz,0,0.0000
4854_0058_Empty_58_S62_L001_R2_001.fastq.gz,0,0.0000
4854_0059_Empty_59_S63_L001_R1_001.fastq.gz,1,0.0417
4854_0059_Empty_59_S63_L001_R2_001.fastq.gz,1,0.0000
4854_0060_Empty_60_S64_L001_R1_001.fastq.gz,0,0.0000
4854_0060_Empty_60_S64_L001_R2_001.fastq.gz,0,0.0000
4854_0061_Empty_61_S65_L001_R1_001.fastq.gz,0,0.0000
4854_0061_Empty_61_S65_L001_R2_001.fastq.gz,0,0.0000
4854_0062_Empty_62_S66_L001_R1_001.fastq.gz,1,-0.1667
4854_0062_Empty_62_S66_L001_R2_001.fastq.gz,1,-0.1667
4854_0063_Empty_63_S67_L001_R1_001.fastq.gz,0,0.0000
4854_0063_Empty_63_S67_L001_R2_001.fastq.gz,0,0.0000
4854_0064_Empty_64_S68_L001_R1_001.fastq.gz,5,0.0000
4854_0064_Empty_64_S68_L001_R2_001.fastq.gz,5,-0.0833
4854_0065_Empty_65_S69_L001_R1_001.fastq.gz,0,0.0000
4854_0065_Empty_65_S69_L001_R2_001.fastq.gz,0,0.0000
4854_0066_Empty_66_S70_L001_R1_001.fastq.gz,0,0.0000
4854_0066_Empty_66_S70_L001_R2_001.fastq.gz,0,0.0000
4854_0067_Empty_67_S71_L001_R1_001.fastq.gz,0,0.0000
4854_0067_Empty_67_S71_L001_R2_001.fastq.gz,0,0.0000
4854_0068_Empty_68_S72_L001_R1_001.fastq.gz,0,0.0000
4854_0068_Empty_68_S72_L001_R2_001.fastq.gz,0,0.0000
4854_0069_Empty_69_S73_L001_R1_001.fastq.gz,0,0.0000
4854_0069_Empty_69_S73_L001_R2_001.fastq.gz,0,0.0000
4854_0070_Empty_70_S74_L001_R1_001.fastq.gz,1,0.1667
4854_0070_Empty_70_S74_L001_R2_001.fastq.gz,1,0.0000
4854_0071_Empty_71_S75_L001_R1_001.fastq.gz,0,0.0000
4854_0071_Empty_71_S75_L001_R2_001.fastq.gz,0,0.0000
4854_0072_Empty_72_S76_L001_R1_001.fastq.gz,0,0.0000
4854_0072_Empty_72_S76_L001_R2_001.fastq.gz,0,0.0000
4854_0073_Empty_73_S77_L001_R1_001.fastq.gz,1,-0.2778
4854_0073_Empty_73_S77_L001_R2_001.fastq.gz,1,2.2857
4854_0074_Empty_74_S78_L001_R1_001.fastq.gz,0,0.0000
4854_0074_Empty_74_S78_L001_R2_001.fastq.gz,0,0.0000
4854_0075_Empty_75_S79_L001_R1_001.fastq.gz,0,0.0000
4854_0075_Empty_75_S79_L001_R2_001.fastq.gz,0,0.0000
4854_0076_Empty_76_S80_L001_R1_001.fastq.gz,0,0.0000
4854_0076_Empty_76_S80_L001_R2_001.fastq.gz,0,0.0000
4854_0077_Empty_77_S81_L001_R1_001.fastq.gz,1,0.0000
4854_0077_Empty_77_S81_L001_R2_001.fastq.gz,1,0.0000
4854_0078_Empty_78_S82_L001_R1_001.fastq.gz,1,0.0000
4854_0078_Empty_78_S82_L001_R2_001.fastq.gz,1,0.0000
4854_0079_Empty_79_S83_L001_R1_001.fastq.gz,0,0.0000
4854_0079_Empty_79_S83_L001_R2_001.fastq.gz,0,0.0000
4854_0080_Empty_80_S84_L001_R1_001.fastq.gz,0,0.0000
4854_0080_Empty_80_S84_L001_R2_001.fastq.gz,0,0.0000
4854_0081_Empty_81_S85_L001_R1_001.fastq.gz,0,0.0000
4854_0081_Empty_81_S85_L001_R2_001.fastq.gz,0,0.0000
4854_0082_Empty_82_S86_L001_R1_001.fastq.gz,0,0.0000
4854_0082_Empty_82_S86_L001_R2_001.fastq.gz,0,0.0000
4854_0083_Empty_83_S87_L001_R1_001.fastq.gz,0,0.0000
4854_0083_Empty_83_S87_L001_R2_001.fastq.gz,0,0.0000
4854_0084_Empty_84_S88_L001_R1_001.fastq.gz,0,0.0000
4854_0084_Empty_84_S88_L001_R2_001.fastq.gz,0,0.0000
4854_0085_Empty_85_S89_L001_R1_001.fastq.gz,3,1.2593
4854_0085_Empty_85_S89_L001_R2_001.fastq.gz,3,-2.3413
4854_0086_Empty_86_S90_L001_R1_001.fastq.gz,0,0.0000
4854_0086_Empty_86_S90_L001_R2_001.fastq.gz,0,0.0000
4854_0087_Empty_87_S91_L001_R1_001.fastq.gz,2,-2.0833
4854_0087_Empty_87_S91_L001_R2_001.fastq.gz,2,-1.3333
4854_0088_Empty_88_S92_L001_R1_001.fastq.gz,1,0.5333
4854_0088_Empty_88_S92_L001_R2_001.fastq.gz,1,1.3333
4854_0089_Empty_89_S93_L001_R1_001.fastq.gz,0,0.0000
4854_0089_Empty_89_S93_L001_R2_001.fastq.gz,0,0.0000
4854_0090_Empty_90_S94_L001_R1_001.fastq.gz,1,0.0000
4854_0090_Empty_90_S94_L001_R2_001.fastq.gz,1,-1.1538
4854_0091_Empty_91_S95_L001_R1_001.fastq.gz,1,0.0000
4854_0091_Empty_91_S95_L001_R2_001.fastq.gz,1,-0.3333
4854_0092_Empty_92_S96_L001_R1_001.fastq.gz,0,0.0000
4854_0092_Empty_92_S96_L001_R2_001.fastq.gz,0,0.0000
4854_0093_Empty_93_S97_L001_R1_001.fastq.gz,0,0.0000
4854_0093_Empty_93_S97_L001_R2_001.fastq.gz,0,0.0000
4854_0094_Empty_94_S98_L001_R1_001.fastq.gz,2,0.0557
4854_0094_Empty_94_S98_L001_R2_001.fastq.gz,2,0.6042
4854_0095_Empty_95_S99_L001_R1_001.fastq.gz,1,-0.0400
4854_0095_Empty_95_S99_L001_R2_001.fastq.gz,1,-1.3793
4854_0096_Empty_96_S100_L001_R1_001.fastq.gz,3,-0.1911
4854_0096_Empty_96_S100_L001_R2_001.fastq.gz,3,0.2056
4854_0097_ITSmix-NL2_101_S101_L001_R1_001.fastq.gz,6,0.5728
4854_0097_ITSmix-NL2_101_S101_L001_R2_001.fastq.gz,6,-0.1748
4854_0098_ITSmix-NL2_102_S102_L001_R1_001.fastq.gz,11695,0.1638
4854_0098_ITSmix-NL2_102_S102_L001_R2_001.fastq.gz,11695,0.1864
4854_0099_ITSmix-NL2_103_S103_L001_R1_001.fastq.gz,14457,0.1637
4854_0099_ITSmix-NL2_103_S103_L001_R2_001.fastq.gz,14457,0.2130
4854_0100_ITSmix-NL2_104_S104_L001_R1_001.fastq.gz,3913,0.1065
4854_0100_ITSmix-NL2_104_S104_L001_R2_001.fastq.gz,3913,0.1250
4854_0101_ITSmix-NL2_105_S105_L001_R1_001.fastq.gz,3599,0.1853
4854_0101_ITSmix-NL2_105_S105_L001_R2_001.fastq.gz,3599,0.2254
4854_0102_ITSmix-NL2_106_S106_L001_R1_001.fastq.gz,13658,0.0609
4854_0102_ITSmix-NL2_106_S106_L001_R2_001.fastq.gz,13658,0.2014
4854_0103_Empty_97_S107_L001_R1_001.fastq.gz,18893,0.1523
4854_0103_Empty_97_S107_L001_R2_001.fastq.gz,18893,0.1569
4854_0104_ITSmix-NL2_108_S108_L001_R1_001.fastq.gz,19289,0.1832
4854_0104_ITSmix-NL2_108_S108_L001_R2_001.fastq.gz,19289,0.2134
4854_0105_Empty_98_S109_L001_R1_001.fastq.gz,3371,0.3485
4854_0105_Empty_98_S109_L001_R2_001.fastq.gz,3371,0.2572
4854_0106_Empty_99_S110_L001_R1_001.fastq.gz,87459,-0.0704
4854_0106_Empty_99_S110_L001_R2_001.fastq.gz,87459,0.2375
4854_0107_ITSmix-NL2_111_S111_L001_R1_001.fastq.gz,71079,-0.0380
4854_0107_ITSmix-NL2_111_S111_L001_R2_001.fastq.gz,71079,0.2402
4854_0108_ITSmix-NL2_112_S112_L001_R1_001.fastq.gz,77193,-0.0323
4854_0108_ITSmix-NL2_112_S112_L001_R2_001.fastq.gz,77193,0.2301
4854_0109_ITSmix-NL2_113_S113_L001_R1_001.fastq.gz,21591,0.1816
4854_0109_ITSmix-NL2_113_S113_L001_R2_001.fastq.gz,21591,0.2128
4854_0110_ITSmix-NL2_114_S114_L001_R1_001.fastq.gz,572,0.0970
4854_0110_ITSmix-NL2_114_S114_L001_R2_001.fastq.gz,572,0.3824
4854_0111_Empty_100_S115_L001_R1_001.fastq.gz,2,0.4236
4854_0111_Empty_100_S115_L001_R2_001.fastq.gz,2,1.0031
4854_0112_Empty_101_S116_L001_R1_001.fastq.gz,4,0.1099
4854_0112_Empty_101_S116_L001_R2_001.fastq.gz,4,0.1474
4854_0113_ITSmix-NL2_117_S117_L001_R1_001.fastq.gz,31456,-0.1202
4854_0113_ITSmix-NL2_117_S117_L001_R2_001.fastq.gz,31456,0.3413
4854_0114_ITSmix-NL2_118_S118_L001_R1_001.fastq.gz,2,-0.0833
4854_0114_ITSmix-NL2_118_S118_L001_R2_001.fastq.gz,2,-0.7812
4854_0115_Empty_102_S119_L001_R1_001.fastq.gz,27338,-0.0949
4854_0115_Empty_102_S119_L001_R2_001.fastq.gz,27338,0.3527
4854_0116_ITSmix-NL2_120_S120_L001_R1_001.fastq.gz,1,-0.1667
4854_0116_ITSmix-NL2_120_S120_L001_R2_001.fastq.gz,1,-2.1667
4854_0117_ITSmix-NL2_121_S121_L001_R1_001.fastq.gz,1,0.1538
4854_0117_ITSmix-NL2_121_S121_L001_R2_001.fastq.gz,1,1.7778
4854_0118_ITSmix-NL2_122_S122_L001_R1_001.fastq.gz,28031,0.2497
4854_0118_ITSmix-NL2_122_S122_L001_R2_001.fastq.gz,28031,0.3360
4854_0119_ITSmix-NL2_123_S123_L001_R1_001.fastq.gz,2,0.0714
4854_0119_ITSmix-NL2_123_S123_L001_R2_001.fastq.gz,2,0.9286
4854_0120_Empty_103_S124_L001_R1_001.fastq.gz,92548,-0.0477
4854_0120_Empty_103_S124_L001_R2_001.fastq.gz,92548,0.2850
4854_0121_ITSmix-NL2_125_S125_L001_R1_001.fastq.gz,44808,-0.1069
4854_0121_ITSmix-NL2_125_S125_L001_R2_001.fastq.gz,44808,0.2748
4854_0122_ITSmix-NL2_126_S126_L001_R1_001.fastq.gz,5,-0.0867
4854_0122_ITSmix-NL2_126_S126_L001_R2_001.fastq.gz,5,-0.2952
4854_0123_ITSmix-NL2_127_S127_L001_R1_001.fastq.gz,9,-0.2846
4854_0123_ITSmix-NL2_127_S127_L001_R2_001.fastq.gz,9,0.2481
4854_0124_Empty_104_S128_L001_R1_001.fastq.gz,30077,0.0197
4854_0124_Empty_104_S128_L001_R2_001.fastq.gz,30077,0.2088
4854_0125_ITSmix-NL2_129_S129_L001_R1_001.fastq.gz,51484,-0.0405
4854_0125_ITSmix-NL2_129_S129_L001_R2_001.fastq.gz,51484,0.2798
4854_0126_Empty_105_S130_L001_R1_001.fastq.gz,40317,0.1820
4854_0126_Empty_105_S130_L001_R2_001.fastq.gz,40317,-0.2351
4854_0127_Empty_106_S131_L001_R1_001.fastq.gz,141761,-0.0730
4854_0127_Empty_106_S131_L001_R2_001.fastq.gz,141761,0.2800
4854_0128_Empty_107_S132_L001_R1_001.fastq.gz,103180,-0.0700
4854_0128_Empty_107_S132_L001_R2_001.fastq.gz,103180,0.2823
4854_0129_ITSmix-NL2_133_S133_L001_R1_001.fastq.gz,25256,0.1932
4854_0129_ITSmix-NL2_133_S133_L001_R2_001.fastq.gz,25256,0.1938
4854_0130_Empty_108_S134_L001_R1_001.fastq.gz,5905,0.2755
4854_0130_Empty_108_S134_L001_R2_001.fastq.gz,5905,-0.7931
4854_0131_Empty_109_S135_L001_R1_001.fastq.gz,9,0.0220
4854_0131_Empty_109_S135_L001_R2_001.fastq.gz,9,0.3980
4854_0132_ITSmix-NL2_136_S136_L001_R1_001.fastq.gz,4,-0.1793
4854_0132_ITSmix-NL2_136_S136_L001_R2_001.fastq.gz,4,-0.1373
4854_0133_ITSmix-NL2_137_S137_L001_R1_001.fastq.gz,68525,-0.0614
4854_0133_ITSmix-NL2_137_S137_L001_R2_001.fastq.gz,68525,0.1856
4854_0134_ITSmix-NL2_137_S138_L001_R1_001.fastq.gz,71843,-0.0704
4854_0134_ITSmix-NL2_137_S138_L001_R2_001.fastq.gz,71843,0.2700
4854_0135_ITSmix-NL2_139_S139_L001_R1_001.fastq.gz,59883,0.1313
4854_0135_ITSmix-NL2_139_S139_L001_R2_001.fastq.gz,59883,0.0434
4854_0136_ITSmix-NL2_140_S140_L001_R1_001.fastq.gz,60979,0.0767
4854_0136_ITSmix-NL2_140_S140_L001_R2_001.fastq.gz,60979,0.1371
4854_0137_ITSmix-NL2_141_S141_L001_R1_001.fastq.gz,105472,-0.0678
4854_0137_ITSmix-NL2_141_S141_L001_R2_001.fastq.gz,105472,0.3720
4854_0138_ITSmix-NL2_142_S142_L001_R1_001.fastq.gz,61128,-0.0788
4854_0138_ITSmix-NL2_142_S142_L001_R2_001.fastq.gz,61128,0.2340
4854_0139_ITSmix-NL2_143_S143_L001_R1_001.fastq.gz,102636,-0.0194
4854_0139_ITSmix-NL2_143_S143_L001_R2_001.fastq.gz,102636,0.1912
4854_0140_ITSmix-NL2_144_S144_L001_R1_001.fastq.gz,57057,0.0537
4854_0140_ITSmix-NL2_144_S144_L001_R2_001.fastq.gz,57057,0.2275
4854_0141_Empty_110_S145_L001_R1_001.fastq.gz,2,0.3667
4854_0141_Empty_110_S145_L001_R2_001.fastq.gz,2,0.1667
4854_0142_ITSmix-NL2_146_S146_L001_R1_001.fastq.gz,40441,0.1423
4854_0142_ITSmix-NL2_146_S146_L001_R2_001.fastq.gz,40441,-0.2697
4854_0143_Empty_111_S147_L001_R1_001.fastq.gz,134350,-0.0786
4854_0143_Empty_111_S147_L001_R2_001.fastq.gz,134350,0.2033
4854_0144_ITSmix-NL2_148_S148_L001_R1_001.fastq.gz,124046,0.1257
4854_0144_ITSmix-NL2_148_S148_L001_R2_001.fastq.gz,124046,0.1434
4854_0145_ITSmix-NL2_149_S149_L001_R1_001.fastq.gz,4,-0.9033
4854_0145_ITSmix-NL2_149_S149_L001_R2_001.fastq.gz,4,-0.1339
4854_0146_ITSmix-NL2_150_S150_L001_R1_001.fastq.gz,162683,-0.0280
4854_0146_ITSmix-NL2_150_S150_L001_R2_001.fastq.gz,162683,0.1982
4854_0147_Empty_112_S151_L001_R1_001.fastq.gz,70942,-0.0082
4854_0147_Empty_112_S151_L001_R2_001.fastq.gz,70942,0.2099
4854_0148_ITSmix-NL2_152_S152_L001_R1_001.fastq.gz,58995,0.0127
4854_0148_ITSmix-NL2_152_S152_L001_R2_001.fastq.gz,58995,0.1726
4854_0149_ITSmix-NL2_153_S153_L001_R1_001.fastq.gz,48576,0.1637
4854_0149_ITSmix-NL2_153_S153_L001_R2_001.fastq.gz,48576,0.1746
4854_0150_Empty_113_S154_L001_R1_001.fastq.gz,48625,0.1662
4854_0150_Empty_113_S154_L001_R2_001.fastq.gz,48625,0.1910
4854_0151_ITSmix-NL2_155_S155_L001_R1_001.fastq.gz,9,0.0593
4854_0151_ITSmix-NL2_155_S155_L001_R2_001.fastq.gz,9,0.4176
4854_0152_Empty_114_S156_L001_R1_001.fastq.gz,93538,0.0773
4854_0152_Empty_114_S156_L001_R2_001.fastq.gz,93538,-0.2501
4854_0153_Empty_115_S157_L001_R1_001.fastq.gz,52770,0.2913
4854_0153_Empty_115_S157_L001_R2_001.fastq.gz,52770,0.3184
4854_0154_ITSmix-NL2_158_S158_L001_R1_001.fastq.gz,129994,0.0704
4854_0154_ITSmix-NL2_158_S158_L001_R2_001.fastq.gz,129994,0.1708
4854_0155_Empty_116_S159_L001_R1_001.fastq.gz,86045,-0.0256
4854_0155_Empty_116_S159_L001_R2_001.fastq.gz,86045,0.2732
4854_0156_ITSmix-NL2_160_S160_L001_R1_001.fastq.gz,68338,-0.0430
4854_0156_ITSmix-NL2_160_S160_L001_R2_001.fastq.gz,68338,0.2793
4854_0157_ITSmix-NL2_161_S161_L001_R1_001.fastq.gz,11,-0.6259
4854_0157_ITSmix-NL2_161_S161_L001_R2_001.fastq.gz,11,0.2908
4854_0158_ITSmix-NL2_162_S162_L001_R1_001.fastq.gz,129109,-0.1013
4854_0158_ITSmix-NL2_162_S162_L001_R2_001.fastq.gz,129109,0.3533
4854_0159_ITSmix-NL2_163_S163_L001_R1_001.fastq.gz,159213,-0.0362
4854_0159_ITSmix-NL2_163_S163_L001_R2_001.fastq.gz,159213,0.2731
4854_0160_ITSmix-NL2_164_S164_L001_R1_001.fastq.gz,94425,0.2320
4854_0160_ITSmix-NL2_164_S164_L001_R2_001.fastq.gz,94425,0.3148
4854_0161_Empty_117_S165_L001_R1_001.fastq.gz,97161,-0.0610
4854_0161_Empty_117_S165_L001_R2_001.fastq.gz,97161,0.2211
4854_0162_ITSmix-NL2_166_S166_L001_R1_001.fastq.gz,90364,-0.0099
4854_0162_ITSmix-NL2_166_S166_L001_R2_001.fastq.gz,90364,0.0500
4854_0163_ITSmix-NL2_167_S167_L001_R1_001.fastq.gz,94750,-0.0584
4854_0163_ITSmix-NL2_167_S167_L001_R2_001.fastq.gz,94750,0.1148
4854_0164_Empty_118_S168_L001_R1_001.fastq.gz,6,-0.1571
4854_0164_Empty_118_S168_L001_R2_001.fastq.gz,6,-1.0971
4854_0165_ITSmix-NL2_169_S169_L001_R1_001.fastq.gz,253925,0.1520
4854_0165_ITSmix-NL2_169_S169_L001_R2_001.fastq.gz,253925,0.0427
4854_0166_Empty_119_S170_L001_R1_001.fastq.gz,100882,0.0518
4854_0166_Empty_119_S170_L001_R2_001.fastq.gz,100882,0.2946
4854_0167_Empty_120_S171_L001_R1_001.fastq.gz,203182,-0.0173
4854_0167_Empty_120_S171_L001_R2_001.fastq.gz,203182,0.2075
4854_0168_ITSmix-NL2_172_S172_L001_R1_001.fastq.gz,87467,0.0015
4854_0168_ITSmix-NL2_172_S172_L001_R2_001.fastq.gz,87467,0.2483
4854_0169_ITSmix-NL2_173_S173_L001_R1_001.fastq.gz,49113,-0.0724
4854_0169_ITSmix-NL2_173_S173_L001_R2_001.fastq.gz,49113,0.2155
4854_0170_ITSmix-NL2_174_S174_L001_R1_001.fastq.gz,65480,0.1212
4854_0170_ITSmix-NL2_174_S174_L001_R2_001.fastq.gz,65480,0.0401
4854_0171_Empty_121_S175_L001_R1_001.fastq.gz,1,2.1667
4854_0171_Empty_121_S175_L001_R2_001.fastq.gz,1,0.0000
4854_0172_Empty_122_S176_L001_R1_001.fastq.gz,60660,0.1949
4854_0172_Empty_122_S176_L001_R2_001.fastq.gz,60660,0.2399
4854_0173_ITSmix-NL2_177_S177_L001_R1_001.fastq.gz,46771,0.1127
4854_0173_ITSmix-NL2_177_S177_L001_R2_001.fastq.gz,46771,-0.1705
4854_0174_Empty_123_S178_L001_R1_001.fastq.gz,173194,-0.0161
4854_0174_Empty_123_S178_L001_R2_001.fastq.gz,173194,0.2540
4854_0175_Empty_124_S179_L001_R1_001.fastq.gz,108487,-0.0835
4854_0175_Empty_124_S179_L001_R2_001.fastq.gz,108487,0.0722
4854_0176_ITSmix-NL2_180_S180_L001_R1_001.fastq.gz,119107,0.0189
4854_0176_ITSmix-NL2_180_S180_L001_R2_001.fastq.gz,119107,0.2379
4854_0177_Empty_125_S181_L001_R1_001.fastq.gz,38790,-0.1522
4854_0177_Empty_125_S181_L001_R2_001.fastq.gz,38790,0.2835
4854_0178_ITSmix-NL2_182_S182_L001_R1_001.fastq.gz,33143,0.2111
4854_0178_ITSmix-NL2_182_S182_L001_R2_001.fastq.gz,33143,0.2502
4854_0179_ITSmix-NL2_183_S183_L001_R1_001.fastq.gz,47463,-0.0228
4854_0179_ITSmix-NL2_183_S183_L001_R2_001.fastq.gz,47463,0.2521
4854_0180_ITSmix-NL2_184_S184_L001_R1_001.fastq.gz,97729,-0.0375
4854_0180_ITSmix-NL2_184_S184_L001_R2_001.fastq.gz,97729,0.2617
4854_0181_ITSmix-NL2_185_S185_L001_R1_001.fastq.gz,40775,0.0212
4854_0181_ITSmix-NL2_185_S185_L001_R2_001.fastq.gz,40775,0.2052
4854_0182_Empty_126_S186_L001_R1_001.fastq.gz,75588,0.1527
4854_0182_Empty_126_S186_L001_R2_001.fastq.gz,75588,0.1783
4854_0183_ITSmix-NL2_187_S187_L001_R1_001.fastq.gz,88954,0.0733
4854_0183_ITSmix-NL2_187_S187_L001_R2_001.fastq.gz,88954,0.2781
4854_0184_ITSmix-NL2_188_S188_L001_R1_001.fastq.gz,93951,-0.0275
4854_0184_ITSmix-NL2_188_S188_L001_R2_001.fastq.gz,93951,0.1874
4854_0185_ITSmix-NL2_189_S189_L001_R1_001.fastq.gz,20473,-0.0240
4854_0185_ITSmix-NL2_189_S189_L001_R2_001.fastq.gz,20473,0.3972
4854_0186_ITSmix-NL2_190_S190_L001_R1_001.fastq.gz,38801,-0.0383
4854_0186_ITSmix-NL2_190_S190_L001_R2_001.fastq.gz,38801,0.2128
4854_0187_ITSmix-NL2_191_S191_L001_R1_001.fastq.gz,16005,-0.0289
4854_0187_ITSmix-NL2_191_S191_L001_R2_001.fastq.gz,16005,0.2455
4854_0188_ITSmix-NL2_192_S192_L001_R1_001.fastq.gz,24421,0.0196
4854_0188_ITSmix-NL2_192_S192_L001_R2_001.fastq.gz,24421,0.1826
4854_0189_ITSmix-NL2_193_S193_L001_R1_001.fastq.gz,32692,-0.4147
4854_0189_ITSmix-NL2_193_S193_L001_R2_001.fastq.gz,32692,-0.0221
4854_0190_Empty_127_S194_L001_R1_001.fastq.gz,28171,-0.0148
4854_0190_Empty_127_S194_L001_R2_001.fastq.gz,28171,0.0009
4854_0191_Empty_128_S195_L001_R1_001.fastq.gz,85421,-0.0060
4854_0191_Empty_128_S195_L001_R2_001.fastq.gz,85421,0.5072
4854_0192_ITSmix-Blank_S196_L001_R1_001.fastq.gz,21738,-0.0064
4854_0192_ITSmix-Blank_S196_L001_R2_001.fastq.gz,21738,0.0507
4854_0193_Empty_129_S197_L001_R1_001.fastq.gz,171902,0.0187
4854_0193_Empty_129_S197_L001_R2_001.fastq.gz,171902,0.5536
4854_0194_ITS-NL2_102_S198_L001_R1_001.fastq.gz,208763,0.1091
4854_0194_ITS-NL2_102_S198_L001_R2_001.fastq.gz,208763,0.4077
4854_0195_ITS-NL2_103_S199_L001_R1_001.fastq.gz,154742,0.1225
4854_0195_ITS-NL2_103_S199_L001_R2_001.fastq.gz,154742,0.4312
4854_0196_ITS-NL2_104_S200_L001_R1_001.fastq.gz,176976,0.1209
4854_0196_ITS-NL2_104_S200_L001_R2_001.fastq.gz,176976,0.4447
4854_0197_ITS-NL2_105_S201_L001_R1_001.fastq.gz,208679,0.1248
4854_0197_ITS-NL2_105_S201_L001_R2_001.fastq.gz,208679,0.4780
4854_0198_ITS-NL2_106_S202_L001_R1_001.fastq.gz,265754,0.0130
4854_0198_ITS-NL2_106_S202_L001_R2_001.fastq.gz,265754,0.5112
4854_0199_Empty_130_S203_L001_R1_001.fastq.gz,218611,0.1227
4854_0199_Empty_130_S203_L001_R2_001.fastq.gz,218611,0.4293
4854_0200_ITS-NL2_108_S204_L001_R1_001.fastq.gz,264382,0.1131
4854_0200_ITS-NL2_108_S204_L001_R2_001.fastq.gz,264382,0.4255
4854_0201_ITS-NL2_109_S205_L001_R1_001.fastq.gz,103027,0.0687
4854_0201_ITS-NL2_109_S205_L001_R2_001.fastq.gz,103027,0.5187
4854_0202_ITS-NL2_110_S206_L001_R1_001.fastq.gz,203574,0.0283
4854_0202_ITS-NL2_110_S206_L001_R2_001.fastq.gz,203574,0.4848
4854_0203_ITS-NL2_111_S207_L001_R1_001.fastq.gz,188997,0.0629
4854_0203_ITS-NL2_111_S207_L001_R2_001.fastq.gz,188997,0.5640
4854_0204_ITS-NL2_112_S208_L001_R1_001.fastq.gz,174969,0.0885
4854_0204_ITS-NL2_112_S208_L001_R2_001.fastq.gz,174969,0.6035
4854_0205_ITS-NL2_113_S209_L001_R1_001.fastq.gz,206070,0.1161
4854_0205_ITS-NL2_113_S209_L001_R2_001.fastq.gz,206070,0.4557
4854_0206_ITS-NL2_114_S210_L001_R1_001.fastq.gz,152890,-0.4452
4854_0206_ITS-NL2_114_S210_L001_R2_001.fastq.gz,152890,0.0429
4854_0207_Empty_131_S211_L001_R1_001.fastq.gz,205715,0.0416
4854_0207_Empty_131_S211_L001_R2_001.fastq.gz,205715,0.5359
4854_0208_Empty_132_S212_L001_R1_001.fastq.gz,2,-0.1667
4854_0208_Empty_132_S212_L001_R2_001.fastq.gz,2,-3.7500
4854_0209_ITS-NL2_117_S213_L001_R1_001.fastq.gz,175843,0.0191
4854_0209_ITS-NL2_117_S213_L001_R2_001.fastq.gz,175843,0.5013
4854_0210_ITS-NL2_118_S214_L001_R1_001.fastq.gz,5,-0.0677
4854_0210_ITS-NL2_118_S214_L001_R2_001.fastq.gz,5,1.2586
4854_0211_ITS-NL2_119_S215_L001_R1_001.fastq.gz,337074,0.0187
4854_0211_ITS-NL2_119_S215_L001_R2_001.fastq.gz,337074,0.4628
4854_0212_ITS-NL2_120_S216_L001_R1_001.fastq.gz,285071,0.0730
4854_0212_ITS-NL2_120_S216_L001_R2_001.fastq.gz,285071,0.5441
4854_0213_ITS-NL2_121_S217_L001_R1_001.fastq.gz,12,0.0937
4854_0213_ITS-NL2_121_S217_L001_R2_001.fastq.gz,12,0.0683
4854_0214_ITS-NL2_122_S218_L001_R1_001.fastq.gz,177817,0.1406
4854_0214_ITS-NL2_122_S218_L001_R2_001.fastq.gz,177817,0.5264
4854_0215_ITS-NL2_123_S219_L001_R1_001.fastq.gz,1,-6.6667
4854_0215_ITS-NL2_123_S219_L001_R2_001.fastq.gz,1,0.0000
4854_0216_ITS-NL2_124_S220_L001_R1_001.fastq.gz,375107,0.0320
4854_0216_ITS-NL2_124_S220_L001_R2_001.fastq.gz,375107,0.4640
4854_0217_ITS-NL2_125_S221_L001_R1_001.fastq.gz,115562,0.0224
4854_0217_ITS-NL2_125_S221_L001_R2_001.fastq.gz,115562,0.5028
4854_0218_ITS-NL2_126_S222_L001_R1_001.fastq.gz,2,0.2222
4854_0218_ITS-NL2_126_S222_L001_R2_001.fastq.gz,2,1.2308
4854_0219_ITS-NL2_127_S223_L001_R1_001.fastq.gz,9,-0.6176
4854_0219_ITS-NL2_127_S223_L001_R2_001.fastq.gz,9,-0.2149
4854_0220_Empty_133_S224_L001_R1_001.fastq.gz,79285,-0.3572
4854_0220_Empty_133_S224_L001_R2_001.fastq.gz,79285,0.0821
4854_0221_Empty_134_S225_L001_R1_001.fastq.gz,110485,0.0218
4854_0221_Empty_134_S225_L001_R2_001.fastq.gz,110485,0.5046
4854_0222_ITS-NL2_130_S226_L001_R1_001.fastq.gz,118737,0.0925
4854_0222_ITS-NL2_130_S226_L001_R2_001.fastq.gz,118737,0.1167
4854_0223_ITS-NL2_131_S227_L001_R1_001.fastq.gz,2,-0.0200
4854_0223_ITS-NL2_131_S227_L001_R2_001.fastq.gz,2,-0.1917
4854_0224_ITS-NL2_132_S228_L001_R1_001.fastq.gz,122491,0.0397
4854_0224_ITS-NL2_132_S228_L001_R2_001.fastq.gz,122491,0.4723
4854_0225_ITS-NL2_133_S229_L001_R1_001.fastq.gz,167811,0.1857
4854_0225_ITS-NL2_133_S229_L001_R2_001.fastq.gz,167811,0.5211
4854_0226_Empty_135_S230_L001_R1_001.fastq.gz,129563,0.0329
4854_0226_Empty_135_S230_L001_R2_001.fastq.gz,129563,0.5070
4854_0227_ITS-NL2_135_S231_L001_R1_001.fastq.gz,175538,0.0449
4854_0227_ITS-NL2_135_S231_L001_R2_001.fastq.gz,175538,0.5184
4854_0228_ITS-NL2_136_S232_L001_R1_001.fastq.gz,155197,0.0246
4854_0228_ITS-NL2_136_S232_L001_R2_001.fastq.gz,155197,0.5143
4854_0229_ITS-NL2_137_S233_L001_R1_001.fastq.gz,245567,0.0171
4854_0229_ITS-NL2_137_S233_L001_R2_001.fastq.gz,245567,0.5417
4854_0230_ITS-NL2_137_S234_L001_R1_001.fastq.gz,7,0.5471
4854_0230_ITS-NL2_137_S234_L001_R2_001.fastq.gz,7,-0.4988
4854_0231_Empty_136_S235_L001_R1_001.fastq.gz,196285,0.1167
4854_0231_Empty_136_S235_L001_R2_001.fastq.gz,196285,0.4134
4854_0232_ITS-NL2_140_S236_L001_R1_001.fastq.gz,302691,0.0487
4854_0232_ITS-NL2_140_S236_L001_R2_001.fastq.gz,302691,0.5266
4854_0233_Empty_137_S237_L001_R1_001.fastq.gz,174768,0.0570
4854_0233_Empty_137_S237_L001_R2_001.fastq.gz,174768,0.5587
4854_0234_ITS-NL2_142_S238_L001_R1_001.fastq.gz,157661,0.0426
4854_0234_ITS-NL2_142_S238_L001_R2_001.fastq.gz,157661,0.5418
4854_0235_ITS-NL2_143_S239_L001_R1_001.fastq.gz,9,-0.0537
4854_0235_ITS-NL2_143_S239_L001_R2_001.fastq.gz,9,-0.2135
4854_0236_ITS-NL2_144_S240_L001_R1_001.fastq.gz,155385,0.0440
4854_0236_ITS-NL2_144_S240_L001_R2_001.fastq.gz,155385,0.4550
4854_0237_Empty_138_S241_L001_R1_001.fastq.gz,4,-1.3244
4854_0237_Empty_138_S241_L001_R2_001.fastq.gz,4,-0.1458
4854_0238_ITS-NL2_146_S242_L001_R1_001.fastq.gz,124959,0.1574
4854_0238_ITS-NL2_146_S242_L001_R2_001.fastq.gz,124959,0.1415
4854_0239_ITS-NL2_147_S243_L001_R1_001.fastq.gz,21,-0.4563
4854_0239_ITS-NL2_147_S243_L001_R2_001.fastq.gz,21,-0.0986
4854_0240_ITS-NL2_148_S244_L001_R1_001.fastq.gz,295195,0.1446
4854_0240_ITS-NL2_148_S244_L001_R2_001.fastq.gz,295195,0.4890
4854_0241_ITS-NL2_149_S245_L001_R1_001.fastq.gz,8,-1.0796
4854_0241_ITS-NL2_149_S245_L001_R2_001.fastq.gz,8,0.6763
4854_0242_ITS-NL2_150_S246_L001_R1_001.fastq.gz,2,0.9524
4854_0242_ITS-NL2_150_S246_L001_R2_001.fastq.gz,2,-0.0032
4854_0243_Empty_139_S247_L001_R1_001.fastq.gz,12,0.1043
4854_0243_Empty_139_S247_L001_R2_001.fastq.gz,12,-0.5397
4854_0244_ITS-NL2_152_S248_L001_R1_001.fastq.gz,147104,0.0580
4854_0244_ITS-NL2_152_S248_L001_R2_001.fastq.gz,147104,0.5541
4854_0245_ITS-NL2_153_S249_L001_R1_001.fastq.gz,5,-0.7000
4854_0245_ITS-NL2_153_S249_L001_R2_001.fastq.gz,5,0.8333
4854_0246_Empty_140_S250_L001_R1_001.fastq.gz,202053,0.1293
4854_0246_Empty_140_S250_L001_R2_001.fastq.gz,202053,0.5352
4854_0247_ITS-NL2_155_S251_L001_R1_001.fastq.gz,3,1.0139
4854_0247_ITS-NL2_155_S251_L001_R2_001.fastq.gz,3,0.3810
4854_0248_Empty_141_S252_L001_R1_001.fastq.gz,206408,0.0385
4854_0248_Empty_141_S252_L001_R2_001.fastq.gz,206408,0.5473
4854_0249_ITS-NL2_157_S253_L001_R1_001.fastq.gz,183572,0.2580
4854_0249_ITS-NL2_157_S253_L001_R2_001.fastq.gz,183572,0.6412
4854_0250_ITS-NL2_158_S254_L001_R1_001.fastq.gz,242328,0.0530
4854_0250_ITS-NL2_158_S254_L001_R2_001.fastq.gz,242328,0.5617
4854_0251_ITS-NL2_159_S255_L001_R1_001.fastq.gz,5,0.3375
4854_0251_ITS-NL2_159_S255_L001_R2_001.fastq.gz,5,-0.0620
4854_0252_ITS-NL2_160_S256_L001_R1_001.fastq.gz,198353,0.0584
4854_0252_ITS-NL2_160_S256_L001_R2_001.fastq.gz,198353,0.6286
4854_0253_ITS-NL2_161_S257_L001_R1_001.fastq.gz,8,-0.9513
4854_0253_ITS-NL2_161_S257_L001_R2_001.fastq.gz,8,-0.3244
4854_0254_ITS-NL2_162_S258_L001_R1_001.fastq.gz,12,-1.1521
4854_0254_ITS-NL2_162_S258_L001_R2_001.fastq.gz,12,0.1966
4854_0255_ITS-NL2_163_S259_L001_R1_001.fastq.gz,258659,0.0548
4854_0255_ITS-NL2_163_S259_L001_R2_001.fastq.gz,258659,0.6003
4854_0256_ITS-NL2_164_S260_L001_R1_001.fastq.gz,225495,0.1324
4854_0256_ITS-NL2_164_S260_L001_R2_001.fastq.gz,225495,0.4548
4854_0257_ITS-NL2_165_S261_L001_R1_001.fastq.gz,4,-0.5500
4854_0257_ITS-NL2_165_S261_L001_R2_001.fastq.gz,4,-0.6443
4854_0258_ITS-NL2_166_S262_L001_R1_001.fastq.gz,115006,0.0192
4854_0258_ITS-NL2_166_S262_L001_R2_001.fastq.gz,115006,0.5089
4854_0259_ITS-NL2_167_S263_L001_R1_001.fastq.gz,188021,0.0307
4854_0259_ITS-NL2_167_S263_L001_R2_001.fastq.gz,188021,0.4838
4854_0260_ITS-NL2_168_S264_L001_R1_001.fastq.gz,3,0.0858
4854_0260_ITS-NL2_168_S264_L001_R2_001.fastq.gz,3,0.8368
4854_0261_ITS-NL2_169_S265_L001_R1_001.fastq.gz,2,-0.2064
4854_0261_ITS-NL2_169_S265_L001_R2_001.fastq.gz,2,1.2391
4854_0262_ITS-NL2_170_S266_L001_R1_001.fastq.gz,184871,-0.4745
4854_0262_ITS-NL2_170_S266_L001_R2_001.fastq.gz,184871,0.0454
4854_0263_ITS-NL2_171_S267_L001_R1_001.fastq.gz,1,-0.0714
4854_0263_ITS-NL2_171_S267_L001_R2_001.fastq.gz,1,1.9000
4854_0264_ITS-NL2_172_S268_L001_R1_001.fastq.gz,124384,0.0211
4854_0264_ITS-NL2_172_S268_L001_R2_001.fastq.gz,124384,0.4377
4854_0265_ITS-NL2_173_S269_L001_R1_001.fastq.gz,8,-0.4296
4854_0265_ITS-NL2_173_S269_L001_R2_001.fastq.gz,8,0.4297
4854_0266_Empty_142_S270_L001_R1_001.fastq.gz,147996,0.1038
4854_0266_Empty_142_S270_L001_R2_001.fastq.gz,147996,0.5121
4854_0267_Empty_143_S271_L001_R1_001.fastq.gz,9,0.0005
4854_0267_Empty_143_S271_L001_R2_001.fastq.gz,9,1.2167
4854_0268_ITS-NL2_176_S272_L001_R1_001.fastq.gz,115176,0.1352
4854_0268_ITS-NL2_176_S272_L001_R2_001.fastq.gz,115176,0.5199
4854_0269_ITS-NL2_177_S273_L001_R1_001.fastq.gz,126608,0.1467
4854_0269_ITS-NL2_177_S273_L001_R2_001.fastq.gz,126608,0.2140
4854_0270_ITS-NL2_178_S274_L001_R1_001.fastq.gz,1,3.8750
4854_0270_ITS-NL2_178_S274_L001_R2_001.fastq.gz,1,5.9333
4854_0271_Empty_144_S275_L001_R1_001.fastq.gz,355786,0.0405
4854_0271_Empty_144_S275_L001_R2_001.fastq.gz,355786,0.5440
4854_0272_ITS-NL2_180_S276_L001_R1_001.fastq.gz,10,-0.1618
4854_0272_ITS-NL2_180_S276_L001_R2_001.fastq.gz,10,0.6545
4854_0273_ITS-NL2_181_S277_L001_R1_001.fastq.gz,194783,0.0489
4854_0273_ITS-NL2_181_S277_L001_R2_001.fastq.gz,194783,0.5868
4854_0274_ITS-NL2_182_S278_L001_R1_001.fastq.gz,95939,0.2005
4854_0274_ITS-NL2_182_S278_L001_R2_001.fastq.gz,95939,0.5180
4854_0275_ITS-NL2_183_S279_L001_R1_001.fastq.gz,12,-0.2079
4854_0275_ITS-NL2_183_S279_L001_R2_001.fastq.gz,12,-0.4062
4854_0276_ITS-NL2_184_S280_L001_R1_001.fastq.gz,8,-2.2168
4854_0276_ITS-NL2_184_S280_L001_R2_001.fastq.gz,8,-0.8659
4854_0277_ITS-NL2_185_S281_L001_R1_001.fastq.gz,4,2.9500
4854_0277_ITS-NL2_185_S281_L001_R2_001.fastq.gz,4,-1.3194
4854_0278_Empty_145_S282_L001_R1_001.fastq.gz,6,-1.2273
4854_0278_Empty_145_S282_L001_R2_001.fastq.gz,6,0.0136
4854_0279_ITS-NL2_187_S283_L001_R1_001.fastq.gz,271580,-0.4245
4854_0279_ITS-NL2_187_S283_L001_R2_001.fastq.gz,271580,0.0219
4854_0280_ITS-NL2_188_S284_L001_R1_001.fastq.gz,12,-0.3384
4854_0280_ITS-NL2_188_S284_L001_R2_001.fastq.gz,12,0.6169
4854_0281_ITS-NL2_189_S285_L001_R1_001.fastq.gz,127495,0.0440
4854_0281_ITS-NL2_189_S285_L001_R2_001.fastq.gz,127495,0.5740
4854_0282_ITS-NL2_190_S286_L001_R1_001.fastq.gz,4,-2.3472
4854_0282_ITS-NL2_190_S286_L001_R2_001.fastq.gz,4,-0.0139
4854_0283_ITSmix-SB_27_S287_L001_R1_001.fastq.gz,611099,0.4063
4854_0283_ITSmix-SB_27_S287_L001_R2_001.fastq.gz,611099,-0.0954
4854_0284_ITSmix-SB_28_S288_L001_R1_001.fastq.gz,630193,0.0878
4854_0284_ITSmix-SB_28_S288_L001_R2_001.fastq.gz,630193,0.5734
4854_0285_ITS-NL2_193_S289_L001_R1_001.fastq.gz,163379,-0.8259
4854_0285_ITS-NL2_193_S289_L001_R2_001.fastq.gz,163379,0.2795
4854_0286_ITS-NL2_194_S290_L001_R1_001.fastq.gz,183532,0.0372
4854_0286_ITS-NL2_194_S290_L001_R2_001.fastq.gz,183532,0.5765
4854_0287_ITSmix-SB_31_S291_L001_R1_001.fastq.gz,1,0.8333
4854_0287_ITSmix-SB_31_S291_L001_R2_001.fastq.gz,1,0.5217
4854_0288_ITS-Blank_S292_L001_R1_001.fastq.gz,22044,-0.4327
4854_0288_ITS-Blank_S292_L001_R2_001.fastq.gz,22044,0.2231
4854_0289_Empty_146_S293_L001_R1_001.fastq.gz,4,0.0397
4854_0289_Empty_146_S293_L001_R2_001.fastq.gz,4,0.3839
4854_0290_SSU-NL2_102_S294_L001_R1_001.fastq.gz,221024,-0.4488
4854_0290_SSU-NL2_102_S294_L001_R2_001.fastq.gz,221024,-0.0545
4854_0291_SSU-NL2_103_S295_L001_R1_001.fastq.gz,299242,-0.5849
4854_0291_SSU-NL2_103_S295_L001_R2_001.fastq.gz,299242,-0.1106
4854_0292_SSU-NL2_104_S296_L001_R1_001.fastq.gz,221158,-0.3404
4854_0292_SSU-NL2_104_S296_L001_R2_001.fastq.gz,221158,-0.2369
4854_0293_SSU-NL2_105_S297_L001_R1_001.fastq.gz,288055,-0.2383
4854_0293_SSU-NL2_105_S297_L001_R2_001.fastq.gz,288055,-0.5154
4854_0294_SSU-NL2_106_S298_L001_R1_001.fastq.gz,226604,-0.2149
4854_0294_SSU-NL2_106_S298_L001_R2_001.fastq.gz,226604,-0.4550
4854_0295_SSU-NL2_107_S299_L001_R1_001.fastq.gz,307185,-0.4246
4854_0295_SSU-NL2_107_S299_L001_R2_001.fastq.gz,307185,-0.0268
4854_0296_SSU-NL2_108_S300_L001_R1_001.fastq.gz,306391,-0.4881
4854_0296_SSU-NL2_108_S300_L001_R2_001.fastq.gz,306391,-0.1759
4854_0297_SSU-NL2_109_S301_L001_R1_001.fastq.gz,179824,-0.1066
4854_0297_SSU-NL2_109_S301_L001_R2_001.fastq.gz,179824,-0.3631
4854_0298_SSU-NL2_110_S302_L001_R1_001.fastq.gz,7,0.4418
4854_0298_SSU-NL2_110_S302_L001_R2_001.fastq.gz,7,-0.2266
4854_0299_SSU-NL2_111_S303_L001_R1_001.fastq.gz,252093,-0.2274
4854_0299_SSU-NL2_111_S303_L001_R2_001.fastq.gz,252093,-0.0607
4854_0300_SSU-NL2_112_S304_L001_R1_001.fastq.gz,228464,-0.1352
4854_0300_SSU-NL2_112_S304_L001_R2_001.fastq.gz,228464,-0.4267
4854_0301_SSU-NL2_113_S305_L001_R1_001.fastq.gz,281288,-0.2270
4854_0301_SSU-NL2_113_S305_L001_R2_001.fastq.gz,281288,-0.3356
4854_0302_Empty_147_S306_L001_R1_001.fastq.gz,301524,-0.2042
4854_0302_Empty_147_S306_L001_R2_001.fastq.gz,301524,-0.1743
4854_0303_Empty_148_S307_L001_R1_001.fastq.gz,3,0.3632
4854_0303_Empty_148_S307_L001_R2_001.fastq.gz,3,-0.0913
4854_0304_Empty_149_S308_L001_R1_001.fastq.gz,8,-1.1344
4854_0304_Empty_149_S308_L001_R2_001.fastq.gz,8,1.8056
4854_0305_SSU-NL2_117_S309_L001_R1_001.fastq.gz,255195,-0.4012
4854_0305_SSU-NL2_117_S309_L001_R2_001.fastq.gz,255195,-0.2942
4854_0306_SSU-NL2_118_S310_L001_R1_001.fastq.gz,5,0.6343
4854_0306_SSU-NL2_118_S310_L001_R2_001.fastq.gz,5,-1.4028
4854_0307_SSU-NL2_119_S311_L001_R1_001.fastq.gz,159982,-0.2606
4854_0307_SSU-NL2_119_S311_L001_R2_001.fastq.gz,159982,-0.2105
4854_0308_SSU-NL2_120_S312_L001_R1_001.fastq.gz,8,-1.0012
4854_0308_SSU-NL2_120_S312_L001_R2_001.fastq.gz,8,1.1035
4854_0309_SSU-NL2_121_S313_L001_R1_001.fastq.gz,205607,-0.2573
4854_0309_SSU-NL2_121_S313_L001_R2_001.fastq.gz,205607,-0.0500
4854_0310_SSU-NL2_122_S314_L001_R1_001.fastq.gz,210572,-0.1289
4854_0310_SSU-NL2_122_S314_L001_R2_001.fastq.gz,210572,-0.4711
4854_0311_SSU-NL2_123_S315_L001_R1_001.fastq.gz,3,0.7540
4854_0311_SSU-NL2_123_S315_L001_R2_001.fastq.gz,3,-0.0730
4854_0312_SSU-NL2_124_S316_L001_R1_001.fastq.gz,214887,-0.2057
4854_0312_SSU-NL2_124_S316_L001_R2_001.fastq.gz,214887,-0.1905
4854_0313_SSU-NL2_125_S317_L001_R1_001.fastq.gz,213973,-0.1034
4854_0313_SSU-NL2_125_S317_L001_R2_001.fastq.gz,213973,-0.4155
4854_0314_SSU-NL2_126_S318_L001_R1_001.fastq.gz,3,0.5614
4854_0314_SSU-NL2_126_S318_L001_R2_001.fastq.gz,3,0.8246
4854_0315_SSU-NL2_127_S319_L001_R1_001.fastq.gz,12,-0.1000
4854_0315_SSU-NL2_127_S319_L001_R2_001.fastq.gz,12,-0.1794
4854_0316_Empty_150_S320_L001_R1_001.fastq.gz,296291,-0.1547
4854_0316_Empty_150_S320_L001_R2_001.fastq.gz,296291,-0.1865
4854_0317_Empty_151_S321_L001_R1_001.fastq.gz,222755,-0.2410
4854_0317_Empty_151_S321_L001_R2_001.fastq.gz,222755,-0.0343
4854_0318_Empty_152_S322_L001_R1_001.fastq.gz,325341,-0.5530
4854_0318_Empty_152_S322_L001_R2_001.fastq.gz,325341,-0.1158
4854_0319_SSU-NL2_131_S323_L001_R1_001.fastq.gz,5,-0.4111
4854_0319_SSU-NL2_131_S323_L001_R2_001.fastq.gz,5,-0.6733
4854_0320_SSU-NL2_132_S324_L001_R1_001.fastq.gz,337933,-0.2385
4854_0320_SSU-NL2_132_S324_L001_R2_001.fastq.gz,337933,-0.0474
4854_0321_SSU-NL2_133_S325_L001_R1_001.fastq.gz,202867,-0.2036
4854_0321_SSU-NL2_133_S325_L001_R2_001.fastq.gz,202867,-0.2988
4854_0322_Empty_152_S326_L001_R1_001.fastq.gz,153175,-0.1012
4854_0322_Empty_152_S326_L001_R2_001.fastq.gz,153175,-0.3403
4854_0323_SSU-NL2_135_S327_L001_R1_001.fastq.gz,10,0.4543
4854_0323_SSU-NL2_135_S327_L001_R2_001.fastq.gz,10,0.1671
4854_0324_SSU-NL2_136_S328_L001_R1_001.fastq.gz,6,-0.4899
4854_0324_SSU-NL2_136_S328_L001_R2_001.fastq.gz,6,0.1781
4854_0325_SSU-NL2_137_S329_L001_R1_001.fastq.gz,260627,-0.2648
4854_0325_SSU-NL2_137_S329_L001_R2_001.fastq.gz,260627,-0.1974
4854_0326_SSU-NL2_137_S330_L001_R1_001.fastq.gz,5,0.5074
4854_0326_SSU-NL2_137_S330_L001_R2_001.fastq.gz,5,0.9255
4854_0327_Empty_153_S331_L001_R1_001.fastq.gz,219841,-0.1958
4854_0327_Empty_153_S331_L001_R2_001.fastq.gz,219841,-0.0713
4854_0328_SSU-NL2_140_S332_L001_R1_001.fastq.gz,334456,-0.1211
4854_0328_SSU-NL2_140_S332_L001_R2_001.fastq.gz,334456,-0.2783
4854_0329_Empty_154_S333_L001_R1_001.fastq.gz,191712,-0.1545
4854_0329_Empty_154_S333_L001_R2_001.fastq.gz,191712,-0.0790
4854_0330_SSU-NL2_142_S334_L001_R1_001.fastq.gz,184762,-0.1987
4854_0330_SSU-NL2_142_S334_L001_R2_001.fastq.gz,184762,-0.0780
4854_0331_SSU-NL2_143_S335_L001_R1_001.fastq.gz,13,-0.3232
4854_0331_SSU-NL2_143_S335_L001_R2_001.fastq.gz,13,-0.3835
4854_0332_SSU-NL2_144_S336_L001_R1_001.fastq.gz,133651,-0.1102
4854_0332_SSU-NL2_144_S336_L001_R2_001.fastq.gz,133651,-0.3017
4854_0333_Empty_155_S337_L001_R1_001.fastq.gz,4,-0.0567
4854_0333_Empty_155_S337_L001_R2_001.fastq.gz,4,0.8986
4854_0334_SSU-NL2_146_S338_L001_R1_001.fastq.gz,179880,-0.2075
4854_0334_SSU-NL2_146_S338_L001_R2_001.fastq.gz,179880,-0.1425
4854_0335_SSU-NL2_147_S339_L001_R1_001.fastq.gz,208910,-0.1874
4854_0335_SSU-NL2_147_S339_L001_R2_001.fastq.gz,208910,-0.0638
4854_0336_SSU-NL2_148_S340_L001_R1_001.fastq.gz,331300,-0.2346
4854_0336_SSU-NL2_148_S340_L001_R2_001.fastq.gz,331300,-0.1820
4854_0337_SSU-NL2_149_S341_L001_R1_001.fastq.gz,31473,-0.2302
4854_0337_SSU-NL2_149_S341_L001_R2_001.fastq.gz,31473,-0.0778
4854_0338_SSU-NL2_150_S342_L001_R1_001.fastq.gz,212467,-0.3003
4854_0338_SSU-NL2_150_S342_L001_R2_001.fastq.gz,212467,-0.0342
4854_0339_SSU-NL2_151_S343_L001_R1_001.fastq.gz,227021,-0.2268
4854_0339_SSU-NL2_151_S343_L001_R2_001.fastq.gz,227021,-0.2026
4854_0340_SSU-NL2_152_S344_L001_R1_001.fastq.gz,282582,-0.1397
4854_0340_SSU-NL2_152_S344_L001_R2_001.fastq.gz,282582,-0.3780
4854_0341_SSU-NL2_153_S345_L001_R1_001.fastq.gz,278210,-0.2411
4854_0341_SSU-NL2_153_S345_L001_R2_001.fastq.gz,278210,-0.2785
4854_0342_Empty_156_S346_L001_R1_001.fastq.gz,226798,-0.2394
4854_0342_Empty_156_S346_L001_R2_001.fastq.gz,226798,-0.3572
4854_0343_SSU-NL2_155_S347_L001_R1_001.fastq.gz,4,0.3455
4854_0343_SSU-NL2_155_S347_L001_R2_001.fastq.gz,4,-0.0519
4854_0344_Empty_157_S348_L001_R1_001.fastq.gz,235608,-0.2229
4854_0344_Empty_157_S348_L001_R2_001.fastq.gz,235608,-0.0591
4854_0345_Empty_158_S349_L001_R1_001.fastq.gz,223196,-0.0976
4854_0345_Empty_158_S349_L001_R2_001.fastq.gz,223196,-0.5148
4854_0346_SSU-NL2_158_S350_L001_R1_001.fastq.gz,267659,-0.1342
4854_0346_SSU-NL2_158_S350_L001_R2_001.fastq.gz,267659,-0.3349
4854_0347_Empty_159_S351_L001_R1_001.fastq.gz,289971,-0.1418
4854_0347_Empty_159_S351_L001_R2_001.fastq.gz,289971,-0.0848
4854_0348_SSU-NL2_160_S352_L001_R1_001.fastq.gz,188828,-0.1264
4854_0348_SSU-NL2_160_S352_L001_R2_001.fastq.gz,188828,-0.2786
4854_0349_SSU-NL2_161_S353_L001_R1_001.fastq.gz,9,-1.4988
4854_0349_SSU-NL2_161_S353_L001_R2_001.fastq.gz,9,-0.3854
4854_0350_SSU-NL2_162_S354_L001_R1_001.fastq.gz,1191,-0.0769
4854_0350_SSU-NL2_162_S354_L001_R2_001.fastq.gz,1191,-0.2067
4854_0351_SSU-NL2_163_S355_L001_R1_001.fastq.gz,286280,-0.1423
4854_0351_SSU-NL2_163_S355_L001_R2_001.fastq.gz,286280,-0.1129
4854_0352_SSU-NL2_164_S356_L001_R1_001.fastq.gz,296744,-0.2065
4854_0352_SSU-NL2_164_S356_L001_R2_001.fastq.gz,296744,-0.2541
4854_0353_Empty_160_S357_L001_R1_001.fastq.gz,186928,-0.1442
4854_0353_Empty_160_S357_L001_R2_001.fastq.gz,186928,-0.1117
4854_0354_SSU-NL2_166_S358_L001_R1_001.fastq.gz,138335,-0.2707
4854_0354_SSU-NL2_166_S358_L001_R2_001.fastq.gz,138335,-0.0622
4854_0355_SSU-NL2_167_S359_L001_R1_001.fastq.gz,184561,-0.0472
4854_0355_SSU-NL2_167_S359_L001_R2_001.fastq.gz,184561,-0.4039
4854_0356_SSU-NL2_168_S360_L001_R1_001.fastq.gz,5,-0.5644
4854_0356_SSU-NL2_168_S360_L001_R2_001.fastq.gz,5,-0.5785
4854_0357_SSU-NL2_169_S361_L001_R1_001.fastq.gz,3,-1.6444
4854_0357_SSU-NL2_169_S361_L001_R2_001.fastq.gz,3,-0.7222
4854_0358_SSU-NL2_170_S362_L001_R1_001.fastq.gz,109879,-0.2064
4854_0358_SSU-NL2_170_S362_L001_R2_001.fastq.gz,109879,-0.1624
4854_0359_SSU-NL2_171_S363_L001_R1_001.fastq.gz,252518,-0.2071
4854_0359_SSU-NL2_171_S363_L001_R2_001.fastq.gz,252518,-0.0546
4854_0360_SSU-NL2_172_S364_L001_R1_001.fastq.gz,142770,-0.1836
4854_0360_SSU-NL2_172_S364_L001_R2_001.fastq.gz,142770,-0.0939
4854_0361_SSU-NL2_173_S365_L001_R1_001.fastq.gz,248388,-0.2329
4854_0361_SSU-NL2_173_S365_L001_R2_001.fastq.gz,248388,-0.0648
4854_0362_Empty_161_S366_L001_R1_001.fastq.gz,228146,-0.1863
4854_0362_Empty_161_S366_L001_R2_001.fastq.gz,228146,-0.1397
4854_0363_Empty_162_S367_L001_R1_001.fastq.gz,12,-0.7729
4854_0363_Empty_162_S367_L001_R2_001.fastq.gz,12,-0.2338
4854_0364_Empty_163_S368_L001_R1_001.fastq.gz,238170,-0.3567
4854_0364_Empty_163_S368_L001_R2_001.fastq.gz,238170,-0.2067
4854_0365_SSU-NL2_177_S369_L001_R1_001.fastq.gz,194003,-0.3526
4854_0365_SSU-NL2_177_S369_L001_R2_001.fastq.gz,194003,-0.1601
4854_0366_SSU-NL2_178_S370_L001_R1_001.fastq.gz,175662,-0.2170
4854_0366_SSU-NL2_178_S370_L001_R2_001.fastq.gz,175662,-0.0926
4854_0367_Empty_164_S371_L001_R1_001.fastq.gz,341530,-0.0735
4854_0367_Empty_164_S371_L001_R2_001.fastq.gz,341530,-0.5891
4854_0368_SSU-NL2_180_S372_L001_R1_001.fastq.gz,259379,-0.2074
4854_0368_SSU-NL2_180_S372_L001_R2_001.fastq.gz,259379,-0.0565
4854_0369_SSU-NL2_181_S373_L001_R1_001.fastq.gz,202923,-0.1128
4854_0369_SSU-NL2_181_S373_L001_R2_001.fastq.gz,202923,-0.6084
4854_0370_SSU-NL2_182_S374_L001_R1_001.fastq.gz,248544,-0.6852
4854_0370_SSU-NL2_182_S374_L001_R2_001.fastq.gz,248544,-0.0423
4854_0371_SSU-NL2_183_S375_L001_R1_001.fastq.gz,184455,-0.1943
4854_0371_SSU-NL2_183_S375_L001_R2_001.fastq.gz,184455,-0.3220
4854_0372_SSU-NL2_184_S376_L001_R1_001.fastq.gz,217304,-0.1739
4854_0372_SSU-NL2_184_S376_L001_R2_001.fastq.gz,217304,-0.2731
4854_0373_SSU-NL2_185_S377_L001_R1_001.fastq.gz,5,0.1000
4854_0373_SSU-NL2_185_S377_L001_R2_001.fastq.gz,5,-0.5769
4854_0374_Empty_165_S378_L001_R1_001.fastq.gz,214298,-0.1935
4854_0374_Empty_165_S378_L001_R2_001.fastq.gz,214298,-0.1117
4854_0375_SSU-NL2_187_S379_L001_R1_001.fastq.gz,310525,-0.1536
4854_0375_SSU-NL2_187_S379_L001_R2_001.fastq.gz,310525,-0.2741
4854_0376_SSU-NL2_188_S380_L001_R1_001.fastq.gz,315432,-0.2275
4854_0376_SSU-NL2_188_S380_L001_R2_001.fastq.gz,315432,-0.0803
4854_0377_SSU-NL2_189_S381_L001_R1_001.fastq.gz,181695,-0.3213
4854_0377_SSU-NL2_189_S381_L001_R2_001.fastq.gz,181695,-0.1957
4854_0378_SSU-NL2_190_S382_L001_R1_001.fastq.gz,192707,-0.2368
4854_0378_SSU-NL2_190_S382_L001_R2_001.fastq.gz,192707,-0.0595
4854_0379_SSU-NL2_191_S383_L001_R1_001.fastq.gz,308234,-0.3146
4854_0379_SSU-NL2_191_S383_L001_R2_001.fastq.gz,308234,-0.0880
4854_0380_SSU-NL2_192_S384_L001_R1_001.fastq.gz,245784,-0.3250
4854_0380_SSU-NL2_192_S384_L001_R2_001.fastq.gz,245784,-0.0499
4854_0381_SSU-NL2_193_S385_L001_R1_001.fastq.gz,379414,-0.2688
4854_0381_SSU-NL2_193_S385_L001_R2_001.fastq.gz,379414,-0.1568
4854_0382_SSU-NL2_194_S386_L001_R1_001.fastq.gz,332024,-0.4267
4854_0382_SSU-NL2_194_S386_L001_R2_001.fastq.gz,332024,-0.2530
4854_0383_SSU-NL2_195_S387_L001_R1_001.fastq.gz,295653,-0.1449
4854_0383_SSU-NL2_195_S387_L001_R2_001.fastq.gz,295653,-0.2091
4854_0384_SSU-Blank_S388_L001_R1_001.fastq.gz,1462,-0.1122
4854_0384_SSU-Blank_S388_L001_R2_001.fastq.gz,1462,-0.1420
4854_0385_Empty_166_S389_L001_R1_001.fastq.gz,0,0.0000
4854_0385_Empty_166_S389_L001_R2_001.fastq.gz,0,0.0000
4854_0386_Empty_167_S390_L001_R1_001.fastq.gz,0,0.0000
4854_0386_Empty_167_S390_L001_R2_001.fastq.gz,0,0.0000
4854_0387_Empty_168_S391_L001_R1_001.fastq.gz,0,0.0000
4854_0387_Empty_168_S391_L001_R2_001.fastq.gz,0,0.0000
4854_0388_Empty_169_S392_L001_R1_001.fastq.gz,0,0.0000
4854_0388_Empty_169_S392_L001_R2_001.fastq.gz,0,0.0000
4854_0389_Empty_170_S393_L001_R1_001.fastq.gz,0,0.0000
4854_0389_Empty_170_S393_L001_R2_001.fastq.gz,0,0.0000
4854_0390_Empty_171_S394_L001_R1_001.fastq.gz,1,-0.2778
4854_0390_Empty_171_S394_L001_R2_001.fastq.gz,1,1.3333
4854_0391_Empty_172_S395_L001_R1_001.fastq.gz,0,0.0000
4854_0391_Empty_172_S395_L001_R2_001.fastq.gz,0,0.0000
4854_0392_Empty_173_S396_L001_R1_001.fastq.gz,1,0.0000
4854_0392_Empty_173_S396_L001_R2_001.fastq.gz,1,0.0833
4854_0393_Empty_174_S397_L001_R1_001.fastq.gz,0,0.0000
4854_0393_Empty_174_S397_L001_R2_001.fastq.gz,0,0.0000
4854_0394_Empty_175_S398_L001_R1_001.fastq.gz,0,0.0000
4854_0394_Empty_175_S398_L001_R2_001.fastq.gz,0,0.0000
4854_0395_Empty_176_S399_L001_R1_001.fastq.gz,0,0.0000
4854_0395_Empty_176_S399_L001_R2_001.fastq.gz,0,0.0000
4854_0396_Empty_177_S400_L001_R1_001.fastq.gz,0,0.0000
4854_0396_Empty_177_S400_L001_R2_001.fastq.gz,0,0.0000
4854_0397_Empty_178_S401_L001_R1_001.fastq.gz,0,0.0000
4854_0397_Empty_178_S401_L001_R2_001.fastq.gz,0,0.0000
4854_0398_Empty_179_S402_L001_R1_001.fastq.gz,0,0.0000
4854_0398_Empty_179_S402_L001_R2_001.fastq.gz,0,0.0000
4854_0399_Empty_180_S403_L001_R1_001.fastq.gz,0,0.0000
4854_0399_Empty_180_S403_L001_R2_001.fastq.gz,0,0.0000
4854_0400_Empty_181_S404_L001_R1_001.fastq.gz,0,0.0000
4854_0400_Empty_181_S404_L001_R2_001.fastq.gz,0,0.0000
4854_0401_Empty_182_S405_L001_R1_001.fastq.gz,0,0.0000
4854_0401_Empty_182_S405_L001_R2_001.fastq.gz,0,0.0000
4854_0402_Empty_183_S406_L001_R1_001.fastq.gz,2,-0.8000
4854_0402_Empty_183_S406_L001_R2_001.fastq.gz,2,0.6250
4854_0403_Empty_184_S407_L001_R1_001.fastq.gz,1,0.0000
4854_0403_Empty_184_S407_L001_R2_001.fastq.gz,1,-3.0000
4854_0404_Empty_185_S408_L001_R1_001.fastq.gz,0,0.0000
4854_0404_Empty_185_S408_L001_R2_001.fastq.gz,0,0.0000
4854_0405_Empty_186_S409_L001_R1_001.fastq.gz,0,0.0000
4854_0405_Empty_186_S409_L001_R2_001.fastq.gz,0,0.0000
4854_0406_Empty_187_S410_L001_R1_001.fastq.gz,0,0.0000
4854_0406_Empty_187_S410_L001_R2_001.fastq.gz,0,0.0000
4854_0407_Empty_188_S411_L001_R1_001.fastq.gz,0,0.0000
4854_0407_Empty_188_S411_L001_R2_001.fastq.gz,0,0.0000
4854_0408_Empty_189_S412_L001_R1_001.fastq.gz,1,1.4800
4854_0408_Empty_189_S412_L001_R2_001.fastq.gz,1,-0.2000
4854_0409_Empty_190_S413_L001_R1_001.fastq.gz,0,0.0000
4854_0409_Empty_190_S413_L001_R2_001.fastq.gz,0,0.0000
4854_0410_Empty_191_S414_L001_R1_001.fastq.gz,0,0.0000
4854_0410_Empty_191_S414_L001_R2_001.fastq.gz,0,0.0000
4854_0411_Empty_192_S415_L001_R1_001.fastq.gz,0,0.0000
4854_0411_Empty_192_S415_L001_R2_001.fastq.gz,0,0.0000
4854_0412_Empty_193_S416_L001_R1_001.fastq.gz,0,0.0000
4854_0412_Empty_193_S416_L001_R2_001.fastq.gz,0,0.0000
4854_0413_Empty_194_S417_L001_R1_001.fastq.gz,0,0.0000
4854_0413_Empty_194_S417_L001_R2_001.fastq.gz,0,0.0000
4854_0414_Empty_195_S418_L001_R1_001.fastq.gz,0,0.0000
4854_0414_Empty_195_S418_L001_R2_001.fastq.gz,0,0.0000
4854_0415_Empty_196_S419_L001_R1_001.fastq.gz,0,0.0000
4854_0415_Empty_196_S419_L001_R2_001.fastq.gz,0,0.0000
4854_0416_Empty_197_S420_L001_R1_001.fastq.gz,0,0.0000
4854_0416_Empty_197_S420_L001_R2_001.fastq.gz,0,0.0000
4854_0417_Empty_198_S421_L001_R1_001.fastq.gz,2,-0.1667
4854_0417_Empty_198_S421_L001_R2_001.fastq.gz,2,-0.8333
4854_0418_Empty_199_S422_L001_R1_001.fastq.gz,0,0.0000
4854_0418_Empty_199_S422_L001_R2_001.fastq.gz,0,0.0000
4854_0419_Empty_200_S423_L001_R1_001.fastq.gz,0,0.0000
4854_0419_Empty_200_S423_L001_R2_001.fastq.gz,0,0.0000
4854_0420_Empty_201_S424_L001_R1_001.fastq.gz,0,0.0000
4854_0420_Empty_201_S424_L001_R2_001.fastq.gz,0,0.0000
4854_0421_Empty_202_S425_L001_R1_001.fastq.gz,0,0.0000
4854_0421_Empty_202_S425_L001_R2_001.fastq.gz,0,0.0000
4854_0422_Empty_203_S426_L001_R1_001.fastq.gz,2,-0.0333
4854_0422_Empty_203_S426_L001_R2_001.fastq.gz,2,-0.3889
4854_0423_Empty_204_S427_L001_R1_001.fastq.gz,1,0.0000
4854_0423_Empty_204_S427_L001_R2_001.fastq.gz,1,1.6000
4854_0424_Empty_205_S428_L001_R1_001.fastq.gz,2,-0.3667
4854_0424_Empty_205_S428_L001_R2_001.fastq.gz,2,0.0000
4854_0425_Empty_206_S429_L001_R1_001.fastq.gz,1,0.0000
4854_0425_Empty_206_S429_L001_R2_001.fastq.gz,1,0.0000
4854_0426_Empty_207_S430_L001_R1_001.fastq.gz,1,0.0000
4854_0426_Empty_207_S430_L001_R2_001.fastq.gz,1,0.0000
4854_0427_Empty_208_S431_L001_R1_001.fastq.gz,0,0.0000
4854_0427_Empty_208_S431_L001_R2_001.fastq.gz,0,0.0000
4854_0428_Empty_209_S432_L001_R1_001.fastq.gz,1,0.0000
4854_0428_Empty_209_S432_L001_R2_001.fastq.gz,1,0.0000
4854_0429_Empty_210_S433_L001_R1_001.fastq.gz,2,1.3333
4854_0429_Empty_210_S433_L001_R2_001.fastq.gz,2,3.1429
4854_0430_Empty_211_S434_L001_R1_001.fastq.gz,0,0.0000
4854_0430_Empty_211_S434_L001_R2_001.fastq.gz,0,0.0000
4854_0431_Empty_212_S435_L001_R1_001.fastq.gz,0,0.0000
4854_0431_Empty_212_S435_L001_R2_001.fastq.gz,0,0.0000
4854_0432_Empty_213_S436_L001_R1_001.fastq.gz,6,-0.0528
4854_0432_Empty_213_S436_L001_R2_001.fastq.gz,6,-0.3376
4854_0433_Empty_214_S437_L001_R1_001.fastq.gz,5,-0.4884
4854_0433_Empty_214_S437_L001_R2_001.fastq.gz,5,-0.0500
4854_0434_Empty_215_S438_L001_R1_001.fastq.gz,7,-0.5810
4854_0434_Empty_215_S438_L001_R2_001.fastq.gz,7,0.7421
4854_0435_Empty_216_S439_L001_R1_001.fastq.gz,9,-0.3606
4854_0435_Empty_216_S439_L001_R2_001.fastq.gz,9,-0.2185
4854_0436_Empty_217_S440_L001_R1_001.fastq.gz,4,-0.0667
4854_0436_Empty_217_S440_L001_R2_001.fastq.gz,4,0.3500
4854_0437_Empty_218_S441_L001_R1_001.fastq.gz,5,-1.3487
4854_0437_Empty_218_S441_L001_R2_001.fastq.gz,5,0.3292
4854_0438_Empty_219_S442_L001_R1_001.fastq.gz,7,-0.5204
4854_0438_Empty_219_S442_L001_R2_001.fastq.gz,7,0.4524
4854_0439_Empty_220_S443_L001_R1_001.fastq.gz,9,-0.0452
4854_0439_Empty_220_S443_L001_R2_001.fastq.gz,9,0.0321
4854_0440_Empty_221_S444_L001_R1_001.fastq.gz,4,-0.1167
4854_0440_Empty_221_S444_L001_R2_001.fastq.gz,4,0.2333
4854_0441_Empty_222_S445_L001_R1_001.fastq.gz,2,0.1296
4854_0441_Empty_222_S445_L001_R2_001.fastq.gz,2,-0.3750
4854_0442_Empty_223_S446_L001_R1_001.fastq.gz,0,0.0000
4854_0442_Empty_223_S446_L001_R2_001.fastq.gz,0,0.0000
4854_0443_Empty_224_S447_L001_R1_001.fastq.gz,0,0.0000
4854_0443_Empty_224_S447_L001_R2_001.fastq.gz,0,0.0000
4854_0444_Empty_225_S448_L001_R1_001.fastq.gz,0,0.0000
4854_0444_Empty_225_S448_L001_R2_001.fastq.gz,0,0.0000
4854_0445_Empty_226_S449_L001_R1_001.fastq.gz,0,0.0000
4854_0445_Empty_226_S449_L001_R2_001.fastq.gz,0,0.0000
4854_0446_Empty_227_S450_L001_R1_001.fastq.gz,0,0.0000
4854_0446_Empty_227_S450_L001_R2_001.fastq.gz,0,0.0000
4854_0447_Empty_228_S451_L001_R1_001.fastq.gz,0,0.0000
4854_0447_Empty_228_S451_L001_R2_001.fastq.gz,0,0.0000
4854_0448_Empty_229_S452_L001_R1_001.fastq.gz,0,0.0000
4854_0448_Empty_229_S452_L001_R2_001.fastq.gz,0,0.0000
4854_0449_Empty_230_S453_L001_R1_001.fastq.gz,0,0.0000
4854_0449_Empty_230_S453_L001_R2_001.fastq.gz,0,0.0000
4854_0450_Empty_231_S454_L001_R1_001.fastq.gz,0,0.0000
4854_0450_Empty_231_S454_L001_R2_001.fastq.gz,0,0.0000
4854_0451_Empty_232_S455_L001_R1_001.fastq.gz,0,0.0000
4854_0451_Empty_232_S455_L001_R2_001.fastq.gz,0,0.0000
4854_0452_Empty_233_S456_L001_R1_001.fastq.gz,2,-0.0312
4854_0452_Empty_233_S456_L001_R2_001.fastq.gz,2,0.2917
4854_0453_Empty_234_S457_L001_R1_001.fastq.gz,0,0.0000
4854_0453_Empty_234_S457_L001_R2_001.fastq.gz,0,0.0000
4854_0454_Empty_235_S458_L001_R1_001.fastq.gz,0,0.0000
4854_0454_Empty_235_S458_L001_R2_001.fastq.gz,0,0.0000
4854_0455_Empty_236_S459_L001_R1_001.fastq.gz,0,0.0000
4854_0455_Empty_236_S459_L001_R2_001.fastq.gz,0,0.0000
4854_0456_Empty_237_S460_L001_R1_001.fastq.gz,0,0.0000
4854_0456_Empty_237_S460_L001_R2_001.fastq.gz,0,0.0000
4854_0457_Empty_238_S461_L001_R1_001.fastq.gz,3,0.4256
4854_0457_Empty_238_S461_L001_R2_001.fastq.gz,3,0.3889
4854_0458_Empty_239_S462_L001_R1_001.fastq.gz,0,0.0000
4854_0458_Empty_239_S462_L001_R2_001.fastq.gz,0,0.0000
4854_0459_Empty_240_S463_L001_R1_001.fastq.gz,1,0.0000
4854_0459_Empty_240_S463_L001_R2_001.fastq.gz,1,0.0000
4854_0460_Empty_241_S464_L001_R1_001.fastq.gz,0,0.0000
4854_0460_Empty_241_S464_L001_R2_001.fastq.gz,0,0.0000
4854_0461_Empty_242_S465_L001_R1_001.fastq.gz,0,0.0000
4854_0461_Empty_242_S465_L001_R2_001.fastq.gz,0,0.0000
4854_0462_Empty_243_S466_L001_R1_001.fastq.gz,2,-2.0208
4854_0462_Empty_243_S466_L001_R2_001.fastq.gz,2,3.5944
4854_0463_Empty_244_S467_L001_R1_001.fastq.gz,3,-1.2667
4854_0463_Empty_244_S467_L001_R2_001.fastq.gz,3,-0.1111
4854_0464_Empty_245_S468_L001_R1_001.fastq.gz,1,-0.0909
4854_0464_Empty_245_S468_L001_R2_001.fastq.gz,1,3.5455
4854_0465_Empty_246_S469_L001_R1_001.fastq.gz,3,-0.1653
4854_0465_Empty_246_S469_L001_R2_001.fastq.gz,3,-0.0487
4854_0466_Empty_247_S470_L001_R1_001.fastq.gz,1,-0.0667
4854_0466_Empty_247_S470_L001_R2_001.fastq.gz,1,0.1667
4854_0467_Empty_248_S471_L001_R1_001.fastq.gz,0,0.0000
4854_0467_Empty_248_S471_L001_R2_001.fastq.gz,0,0.0000
4854_0468_Empty_249_S472_L001_R1_001.fastq.gz,2,-0.3000
4854_0468_Empty_249_S472_L001_R2_001.fastq.gz,2,-0.2500
4854_0469_Empty_250_S473_L001_R1_001.fastq.gz,0,0.0000
4854_0469_Empty_250_S473_L001_R2_001.fastq.gz,0,0.0000
4854_0470_Empty_251_S474_L001_R1_001.fastq.gz,1,-0.2000
4854_0470_Empty_251_S474_L001_R2_001.fastq.gz,1,-0.0667
4854_0471_Empty_252_S475_L001_R1_001.fastq.gz,0,0.0000
4854_0471_Empty_252_S475_L001_R2_001.fastq.gz,0,0.0000
4854_0472_Empty_253_S476_L001_R1_001.fastq.gz,5,-0.7055
4854_0472_Empty_253_S476_L001_R2_001.fastq.gz,5,-0.1140
4854_0473_Empty_254_S477_L001_R1_001.fastq.gz,3,0.4607
4854_0473_Empty_254_S477_L001_R2_001.fastq.gz,3,0.1438
4854_0474_Empty_255_S478_L001_R1_001.fastq.gz,2,-0.7333
4854_0474_Empty_255_S478_L001_R2_001.fastq.gz,2,-0.3333
4854_0475_Empty_256_S479_L001_R1_001.fastq.gz,0,0.0000
4854_0475_Empty_256_S479_L001_R2_001.fastq.gz,0,0.0000
4854_0476_Empty_257_S480_L001_R1_001.fastq.gz,1,0.0000
4854_0476_Empty_257_S480_L001_R2_001.fastq.gz,1,-0.2222
4854_0477_Empty_258_S481_L001_R1_001.fastq.gz,1,2.3333
4854_0477_Empty_258_S481_L001_R2_001.fastq.gz,1,1.2000
4854_0478_Empty_259_S482_L001_R1_001.fastq.gz,1,-1.3333
4854_0478_Empty_259_S482_L001_R2_001.fastq.gz,1,2.4444
4854_0479_Empty_260_S483_L001_R1_001.fastq.gz,2,-0.3333
4854_0479_Empty_260_S483_L001_R2_001.fastq.gz,2,1.1667
4854_0480_Empty_261_S484_L001_R1_001.fastq.gz,4,-0.5556
4854_0480_Empty_261_S484_L001_R2_001.fastq.gz,4,1.7042
4854_0481_Empty_262_S485_L001_R1_001.fastq.gz,11,0.2112
4854_0481_Empty_262_S485_L001_R2_001.fastq.gz,11,-0.0849
4854_0482_LSU-NL2_102_S486_L001_R1_001.fastq.gz,246770,-0.3231
4854_0482_LSU-NL2_102_S486_L001_R2_001.fastq.gz,246770,0.0957
4854_0483_LSU-NL2_103_S487_L001_R1_001.fastq.gz,195037,-0.3628
4854_0483_LSU-NL2_103_S487_L001_R2_001.fastq.gz,195037,0.1301
4854_0484_LSU-NL2_104_S488_L001_R1_001.fastq.gz,233210,-0.4230
4854_0484_LSU-NL2_104_S488_L001_R2_001.fastq.gz,233210,0.1159
4854_0485_LSU-NL2_105_S489_L001_R1_001.fastq.gz,248362,-0.2905
4854_0485_LSU-NL2_105_S489_L001_R2_001.fastq.gz,248362,0.0845
4854_0486_Empty_263_S490_L001_R1_001.fastq.gz,227093,-0.3764
4854_0486_Empty_263_S490_L001_R2_001.fastq.gz,227093,0.1100
4854_0487_Empty_264_S491_L001_R1_001.fastq.gz,203604,-0.3168
4854_0487_Empty_264_S491_L001_R2_001.fastq.gz,203604,0.0551
4854_0488_LSU-NL2_108_S492_L001_R1_001.fastq.gz,378418,-0.4767
4854_0488_LSU-NL2_108_S492_L001_R2_001.fastq.gz,378418,0.1048
4854_0489_LSU-NL2_109_S493_L001_R1_001.fastq.gz,106124,-0.6382
4854_0489_LSU-NL2_109_S493_L001_R2_001.fastq.gz,106124,0.1065
4854_0490_Empty_265_S494_L001_R1_001.fastq.gz,2,-0.5476
4854_0490_Empty_265_S494_L001_R2_001.fastq.gz,2,0.1667
4854_0491_LSU-NL2_111_S495_L001_R1_001.fastq.gz,5,-0.6867
4854_0491_LSU-NL2_111_S495_L001_R2_001.fastq.gz,5,1.2236
4854_0492_LSU-NL2_112_S496_L001_R1_001.fastq.gz,167044,-0.4578
4854_0492_LSU-NL2_112_S496_L001_R2_001.fastq.gz,167044,0.0847
4854_0493_LSU-NL2_113_S497_L001_R1_001.fastq.gz,126322,-1.8994
4854_0493_LSU-NL2_113_S497_L001_R2_001.fastq.gz,126322,0.4429
4854_0494_Empty_266_S498_L001_R1_001.fastq.gz,228073,-0.6360
4854_0494_Empty_266_S498_L001_R2_001.fastq.gz,228073,0.0938
4854_0495_Empty_267_S499_L001_R1_001.fastq.gz,3,0.1778
4854_0495_Empty_267_S499_L001_R2_001.fastq.gz,3,0.0476
4854_0496_Empty_268_S500_L001_R1_001.fastq.gz,16,0.4320
4854_0496_Empty_268_S500_L001_R2_001.fastq.gz,16,-0.0689
4854_0497_LSU-NL2_117_S501_L001_R1_001.fastq.gz,10301,-0.5675
4854_0497_LSU-NL2_117_S501_L001_R2_001.fastq.gz,10301,0.1013
4854_0498_LSU-NL2_118_S502_L001_R1_001.fastq.gz,1,0.4615
4854_0498_LSU-NL2_118_S502_L001_R2_001.fastq.gz,1,-0.5200
4854_0499_Empty_269_S503_L001_R1_001.fastq.gz,153122,-0.4127
4854_0499_Empty_269_S503_L001_R2_001.fastq.gz,153122,0.0925
4854_0500_LSU-NL2_120_S504_L001_R1_001.fastq.gz,2,0.1190
4854_0500_LSU-NL2_120_S504_L001_R2_001.fastq.gz,2,0.1111
4854_0501_LSU-NL2_121_S505_L001_R1_001.fastq.gz,4,0.2639
4854_0501_LSU-NL2_121_S505_L001_R2_001.fastq.gz,4,-0.2005
4854_0502_LSU-NL2_122_S506_L001_R1_001.fastq.gz,204036,-0.4674
4854_0502_LSU-NL2_122_S506_L001_R2_001.fastq.gz,204036,0.1026
4854_0503_LSU-NL2_123_S507_L001_R1_001.fastq.gz,6,-0.2186
4854_0503_LSU-NL2_123_S507_L001_R2_001.fastq.gz,6,-0.7648
4854_0504_LSU-NL2_124_S508_L001_R1_001.fastq.gz,263520,-0.3004
4854_0504_LSU-NL2_124_S508_L001_R2_001.fastq.gz,263520,0.0980
4854_0505_LSU-NL2_125_S509_L001_R1_001.fastq.gz,225008,-0.3545
4854_0505_LSU-NL2_125_S509_L001_R2_001.fastq.gz,225008,0.0316
4854_0506_Empty_270_S510_L001_R1_001.fastq.gz,1,-3.1667
4854_0506_Empty_270_S510_L001_R2_001.fastq.gz,1,-1.1667
4854_0507_LSU-NL2_127_S511_L001_R1_001.fastq.gz,6,0.0605
4854_0507_LSU-NL2_127_S511_L001_R2_001.fastq.gz,6,0.1750
4854_0508_Empty_271_S512_L001_R1_001.fastq.gz,225421,-0.5003
4854_0508_Empty_271_S512_L001_R2_001.fastq.gz,225421,0.0934
4854_0509_Empty_272_S513_L001_R1_001.fastq.gz,200978,-0.8264
4854_0509_Empty_272_S513_L001_R2_001.fastq.gz,200978,0.1448
4854_0510_Empty_273_S514_L001_R1_001.fastq.gz,204181,-0.4171
4854_0510_Empty_273_S514_L001_R2_001.fastq.gz,204181,0.1430
4854_0511_LSU-NL2_131_S515_L001_R1_001.fastq.gz,3,1.8806
4854_0511_LSU-NL2_131_S515_L001_R2_001.fastq.gz,3,0.9778
4854_0512_Empty_274_S516_L001_R1_001.fastq.gz,302829,-0.3845
4854_0512_Empty_274_S516_L001_R2_001.fastq.gz,302829,0.1067
4854_0513_LSU-NL2_133_S517_L001_R1_001.fastq.gz,202881,-0.3947
4854_0513_LSU-NL2_133_S517_L001_R2_001.fastq.gz,202881,0.1004
4854_0514_Empty_275_S518_L001_R1_001.fastq.gz,166270,-0.3725
4854_0514_Empty_275_S518_L001_R2_001.fastq.gz,166270,0.1836
4854_0515_LSU-NL2_135_S519_L001_R1_001.fastq.gz,9,-0.2797
4854_0515_LSU-NL2_135_S519_L001_R2_001.fastq.gz,9,-0.6442
4854_0516_LSU-NL2_136_S520_L001_R1_001.fastq.gz,3,-1.1111
4854_0516_LSU-NL2_136_S520_L001_R2_001.fastq.gz,3,0.1429
4854_0517_LSU-NL2_137_S521_L001_R1_001.fastq.gz,200837,-0.1852
4854_0517_LSU-NL2_137_S521_L001_R2_001.fastq.gz,200837,0.1131
4854_0518_LSU-NL2_137_S522_L001_R1_001.fastq.gz,6,0.6494
4854_0518_LSU-NL2_137_S522_L001_R2_001.fastq.gz,6,1.0167
4854_0519_Empty_276_S523_L001_R1_001.fastq.gz,174099,-0.3499
4854_0519_Empty_276_S523_L001_R2_001.fastq.gz,174099,0.1165
